age,weight,sex,is_blue_eye,is_black_eye
0.56,0.7732785602503912,0.0,0.0,0.0
0.6,0.5676838810641623,1.0,1.0,1.0
0.0,0.0,1.0,0.0,0.0
1.0,1.0,0.0,1.0,1.0
0.36,0.7650625978090764,1.0,0.0,0.0
